Type, Average,Variance,Deviation
Farms,25.6446601942,46718.515814,216.144664089
Processors,7088.95081967,95240598.712,9759.12899351
Store,15549.7135157,107420104.717,10364.3670678
