Band, Average,Variance,Deviation
49,2.38222222222,399.223332163,19.9805738697
66,0,0,0
69,26.484884646,29195.7287858,170.867576754
243,25.6446601942,46718.515814,216.144664089
