t.band,SUM(t.val),AVG(t.val),MIN(t.val),MAX(t.val),Variance
49,38663100,143728.996282528,9000,8073000,331676621761.446
66,1624500,18889.5348837209,9000,78300,190736053.272039
69,89541900,71291.321656051,9000,1542600,16951135856.215
243,24317100,47309.53307393,9000,468000,3699027710.67693
