Band, Average,Variance,Deviation
49,5073.48738715,9636831.91217,3104.32471114
66,6874.11295805,13268916.3606,3642.65237988
69,7159.60167286,21412615.3937,4627.37672918
243,15549.7135157,107420104.717,10364.3670678
