Band, Average,Variance,Deviation
Farms,2.38222222222,399.223332163,19.9805738697
Processors,2516.51147541,10468640.2301,3235.52781321
Store,5073.48738715,9636831.91217,3104.32471114
