Type, Average,Variance,Deviation
Farms,26.484884646,29195.7287858,170.867576754
Processors,4271.8295082,27027616.4373,5198.80913646
Store,7159.60167286,21412615.3937,4627.37672918
