Type, Average,Variance,Deviation
Farms,0,0,0
Processors,3197.00382514,14557042.9968,3815.36931329
Store,6874.11295805,13268916.3606,3642.65237988
