Average,Minimum,Maximum,Variance
15001.412749004,0,855900,372946.551970531